Workbook

Sheet Feuil1
I1: OCTOBRE | P1: OCTOBRE
B2: Légende | J2: Non demarrée | K2: En cours | L2: Réalisée | M2: Non réalisée | Q2: Non demarrée | R2: En cours | S2: Réalisée | T2: Non réalisée
B3: Non demarrée | E3: Non demarrée | F3: =G3/$G$7 -> 0.33333333 | G3: =COUNTIFS('Micro-planning'!G:G,Feuil1!E3) -> 8 | I3: {=_xlfn.UNIQUE('Micro-planning'!B3:B26)} -> MSHPCMU | J3: =COUNTIFS('Micro-planning'!$B:$B,Feuil1!$I3,'Micro-planning'!$G:$G,Feuil1!J$2) -> 0 | K3: =COUNTIFS('Micro-planning'!$B:$B,Feuil1!$I3,'Micro-planning'!$G:$G,Feuil1!K$2) -> 1 | L3: =COUNTIFS('Micro-planning'!$B:$B,Feuil1!$I3,'Micro-planning'!$G:$G,Feuil1!L$2) -> 2 | M3: =COUNTIFS('Micro-planning'!$B:$B,Feuil1!$I3,'Micro-planning'!$G:$G,Feuil1!M$2) -> 0 | O3: 10 | P3: OCTOBRE | Q3: =COUNTIFS('Micro-planning'!$F:$F,Feuil1!$O3,'Micro-planning'!$G:$G,Feuil1!Q$2) -> 5 | R3: =COUNTIFS('Micro-planning'!$F:$F,Feuil1!$O3,'Micro-planning'!$G:$G,Feuil1!R$2) -> 2 | S3: =COUNTIFS('Micro-planning'!$F:$F,Feuil1!$O3,'Micro-planning'!$G:$G,Feuil1!S$2) -> 5 | T3: =COUNTIFS('Micro-planning'!$F:$F,Feuil1!$O3,'Micro-planning'!$G:$G,Feuil1!T$2) -> 4 | V3: 1 | W3: JANVIER
B4: En cours | E4: En cours | F4: =G4/$G$7 -> 0.25 | G4: =COUNTIFS('Micro-planning'!G:G,Feuil1!E4) -> 6 | I4: Partenaires techniques | J4: =COUNTIFS('Micro-planning'!$B:$B,Feuil1!$I4,'Micro-planning'!$G:$G,Feuil1!J$2) -> 4 | K4: =COUNTIFS('Micro-planning'!$B:$B,Feuil1!$I4,'Micro-planning'!$G:$G,Feuil1!K$2) -> 1 | L4: =COUNTIFS('Micro-planning'!$B:$B,Feuil1!$I4,'Micro-planning'!$G:$G,Feuil1!L$2) -> 1 | M4: =COUNTIFS('Micro-planning'!$B:$B,Feuil1!$I4,'Micro-planning'!$G:$G,Feuil1!M$2) -> 2 | O4: 11 | P4: NOVEMBRE | Q4: =COUNTIFS('Micro-planning'!$F:$F,Feuil1!$O4,'Micro-planning'!$G:$G,Feuil1!Q$2) -> 1 | R4: =COUNTIFS('Micro-planning'!$F:$F,Feuil1!$O4,'Micro-planning'!$G:$G,Feuil1!R$2) -> 1 | S4: =COUNTIFS('Micro-planning'!$F:$F,Feuil1!$O4,'Micro-planning'!$G:$G,Feuil1!S$2) -> 1 | T4: =COUNTIFS('Micro-planning'!$F:$F,Feuil1!$O4,'Micro-planning'!$G:$G,Feuil1!T$2) -> 0 | V4: 2 | W4: FÉVRIER
B5: Réalisée | E5: Réalisée | F5: =G5/$G$7 -> 0.25 | G5: =COUNTIFS('Micro-planning'!G:G,Feuil1!E5) -> 6 | I5: MTND | J5: =COUNTIFS('Micro-planning'!$B:$B,Feuil1!$I5,'Micro-planning'!$G:$G,Feuil1!J$2) -> 1 | K5: =COUNTIFS('Micro-planning'!$B:$B,Feuil1!$I5,'Micro-planning'!$G:$G,Feuil1!K$2) -> 0 | L5: =COUNTIFS('Micro-planning'!$B:$B,Feuil1!$I5,'Micro-planning'!$G:$G,Feuil1!L$2) -> 1 | M5: =COUNTIFS('Micro-planning'!$B:$B,Feuil1!$I5,'Micro-planning'!$G:$G,Feuil1!M$2) -> 0 | O5: 12 | P5: DÉCEMBRE | Q5: =COUNTIFS('Micro-planning'!$F:$F,Feuil1!$O5,'Micro-planning'!$G:$G,Feuil1!Q$2) -> 0 | R5: =COUNTIFS('Micro-planning'!$F:$F,Feuil1!$O5,'Micro-planning'!$G:$G,Feuil1!R$2) -> 1 | S5: =COUNTIFS('Micro-planning'!$F:$F,Feuil1!$O5,'Micro-planning'!$G:$G,Feuil1!S$2) -> 0 | T5: =COUNTIFS('Micro-planning'!$F:$F,Feuil1!$O5,'Micro-planning'!$G:$G,Feuil1!T$2) -> 0 | V5: 3 | W5: MARS
B6: Non réalisée | E6: Non réalisée | F6: =G6/$G$7 -> 0.16666667 | G6: =COUNTIFS('Micro-planning'!G:G,Feuil1!E6) -> 4 | I6: GTT | J6: =COUNTIFS('Micro-planning'!$B:$B,Feuil1!$I6,'Micro-planning'!$G:$G,Feuil1!J$2) -> 1 | K6: =COUNTIFS('Micro-planning'!$B:$B,Feuil1!$I6,'Micro-planning'!$G:$G,Feuil1!K$2) -> 1 | L6: =COUNTIFS('Micro-planning'!$B:$B,Feuil1!$I6,'Micro-planning'!$G:$G,Feuil1!L$2) -> 1 | M6: =COUNTIFS('Micro-planning'!$B:$B,Feuil1!$I6,'Micro-planning'!$G:$G,Feuil1!M$2) -> 1 | O6: 1 | P6: JANVIER | Q6: =COUNTIFS('Micro-planning'!$F:$F,Feuil1!$O6,'Micro-planning'!$G:$G,Feuil1!Q$2) -> 1 | R6: =COUNTIFS('Micro-planning'!$F:$F,Feuil1!$O6,'Micro-planning'!$G:$G,Feuil1!R$2) -> 1 | S6: =COUNTIFS('Micro-planning'!$F:$F,Feuil1!$O6,'Micro-planning'!$G:$G,Feuil1!S$2) -> 0 | T6: =COUNTIFS('Micro-planning'!$F:$F,Feuil1!$O6,'Micro-planning'!$G:$G,Feuil1!T$2) -> 0 | V6: 4 | W6: AVRIL
G7: =SUM(G3:G6) -> 24 | I7: MEPS | J7: =COUNTIFS('Micro-planning'!$B:$B,Feuil1!$I7,'Micro-planning'!$G:$G,Feuil1!J$2) -> 2 | K7: =COUNTIFS('Micro-planning'!$B:$B,Feuil1!$I7,'Micro-planning'!$G:$G,Feuil1!K$2) -> 1 | L7: =COUNTIFS('Micro-planning'!$B:$B,Feuil1!$I7,'Micro-planning'!$G:$G,Feuil1!L$2) -> 0 | M7: =COUNTIFS('Micro-planning'!$B:$B,Feuil1!$I7,'Micro-planning'!$G:$G,Feuil1!M$2) -> 1 | O7: 2 | P7: FÉVRIER | Q7: =COUNTIFS('Micro-planning'!$F:$F,Feuil1!$O7,'Micro-planning'!$G:$G,Feuil1!Q$2) -> 1 | R7: =COUNTIFS('Micro-planning'!$F:$F,Feuil1!$O7,'Micro-planning'!$G:$G,Feuil1!R$2) -> 1 | S7: =COUNTIFS('Micro-planning'!$F:$F,Feuil1!$O7,'Micro-planning'!$G:$G,Feuil1!S$2) -> 0 | T7: =COUNTIFS('Micro-planning'!$F:$F,Feuil1!$O7,'Micro-planning'!$G:$G,Feuil1!T$2) -> 0 | V7: 5 | W7: MAI
I8: MSHPCMU / Partenaires techniques | J8: =COUNTIFS('Micro-planning'!$B:$B,Feuil1!$I8,'Micro-planning'!$G:$G,Feuil1!J$2) -> 0 | K8: =COUNTIFS('Micro-planning'!$B:$B,Feuil1!$I8,'Micro-planning'!$G:$G,Feuil1!K$2) -> 1 | L8: =COUNTIFS('Micro-planning'!$B:$B,Feuil1!$I8,'Micro-planning'!$G:$G,Feuil1!L$2) -> 1 | M8: =COUNTIFS('Micro-planning'!$B:$B,Feuil1!$I8,'Micro-planning'!$G:$G,Feuil1!M$2) -> 0 | V8: 6 | W8: JUIN
I9: MHSPCM / MEPS / Partenaires techniques | J9: =COUNTIFS('Micro-planning'!$B:$B,Feuil1!$I9,'Micro-planning'!$G:$G,Feuil1!J$2) -> 0 | K9: =COUNTIFS('Micro-planning'!$B:$B,Feuil1!$I9,'Micro-planning'!$G:$G,Feuil1!K$2) -> 1 | L9: =COUNTIFS('Micro-planning'!$B:$B,Feuil1!$I9,'Micro-planning'!$G:$G,Feuil1!L$2) -> 0 | M9: =COUNTIFS('Micro-planning'!$B:$B,Feuil1!$I9,'Micro-planning'!$G:$G,Feuil1!M$2) -> 0 | V9: 7 | W9: JUILLET
V10: 8 | W10: AOÛT
V11: 9 | W11: SEPTEMBRE
V12: 10 | W12: OCTOBRE
V13: 11 | W13: NOVEMBRE
V14: 12 | W14: DÉCEMBRE
B15: MSHPCMU
B16: GTT
B17: MEPS
B18: MHSPCM / MEPS / Partenaire technique
B19: MSHPCMU / Partenaire technique
B20: MTND
B21: Partenaire technique

Sheet Micro-planning
A2: N° | B2: Entites | C2: Actions | D2: Date debut | E2: Date fin | F2: Mois | G2: Statut | H2: Acteurs | I2: Dépendance | J2: Observations
A3: 1 | B3: MSHPCMU | C3: Lister les hopitaux pour la phase pilote où les 2 systèmes (DPI et SIH) sont installés | D3: 45943 | E3: 45950 | F3: =MONTH(E3) -> 10 | G3: Réalisée | H3: DISD
A4: 2 | B4: Partenaires techniques | C4: Finaliser l'inventaire des APIs pour le DPI, le SIH et la CICMU | D4: 45943 | E4: 45945 | F4: =MONTH(E4) -> 10 | G4: Réalisée | H4: SGCI / WinLogic /CNAM
A5: 3 | B5: Partenaires techniques | C5: Elaborer la documentation de chaque API | D5: 45943 | E5: 45960 | F5: =MONTH(E5) -> 10 | G5: Non demarrée | H5: SGCI / WinLogic /CNAM
A6: 4 | B6: MSHPCMU | C6: Elaborer le TDR de la mission pour la mise à niveau les infrastructures dans les sites de la phase pilote | D6: 45943 | E6: 45945 | F6: =MONTH(E6) -> 10 | G6: En cours | H6: DISD
A7: 5 | B7: MSHPCMU | C7: Rédiger un courrier pour informer les autorités sanitaires de leur participation à la phase pilote | D7: 45945 | E7: 45950 | F7: =MONTH(E7) -> 10 | G7: Réalisée | H7: DGS / DISD
A8: 6 | B8: Partenaires techniques | C8: Developper et mettre à disposition les APIs selon le périmètre de chaque entité | D8: 45946 | E8: 45956 | F8: =MONTH(E8) -> 10 | G8: Non réalisée | H8: SGCI / WinLogic /CNAM
A9: 7 | B9: MTND | C9: Valider le standard et protocole d'échange de données : FHIR, REST API, JSON, SOAP | D9: 45946 | E9: 45950 | F9: =MONTH(E9) -> 10 | G9: Non demarrée | H9: SNDI / GTT
A10: 8 | B10: GTT | C10: Valider le TDR de la mission pour la mise à niveau des infrastructures dans les sites de la phase pilote | D10: 45946 | E10: 45946 | F10: =MONTH(E10) -> 10 | G10: Non réalisée | H10: GTT
A11: 9 | B11: GTT | C11: Adapter le cadre de gouvernance aux directives nationales à travers la mise en place des politiques de gouvernance des données, du consentement des patients et de l'audit du système | D11: 45946 | E11: 45991 | F11: =MONTH(E11) -> 11 | G11: Non demarrée | H11: GTT / DISD / Partenaire technique
A12: 10 | B12: GTT | C12: Discuter la formalisation du GTT à la prochaine réunion | D12: 45946 | E12: 45946 | F12: =MONTH(E12) -> 10 | G12: Réalisée | H12: GTT
A13: 11 | B13: Partenaires techniques | C13: Réunion entre les partenaires techniques afin de déterminer les données à partager | D13: 45946 | E13: 45946 | F13: =MONTH(E13) -> 10 | G13: Non demarrée | H13: Partenaire technique
A14: 12 | B14: Partenaires techniques | C14: Partager les spécifications techniques pour l'environnement de test avec la SNDI | D14: 45950 | E14: 45950 | F14: =MONTH(E14) -> 10 | G14: En cours | H14: SGCI / WinLogic /CNAM
A15: 13 | B15: MTND | C15: Mettre en place un environnement neutre de test commun | D15: 45951 | E15: 45954 | F15: =MONTH(E15) -> 10 | G15: Réalisée | H15: SNDI | I15: Spécifications technique de l'environnement de test | J15: A fournir par les partenaires techniques
A16: 14 | B16: Partenaires techniques | C16: Elaborer un plan de tests (fonctionnalité, sécurité et intégration) des APIs | D16: 45957 | E16: 45957 | F16: =MONTH(E16) -> 10 | G16: Non réalisée | H16: SGCI / WinLogic /CNAM
A17: 15 | B17: MEPS | C17: Mettre à disposition le référentiel des centres de santé actualisé | D17: 45957 | E17: 45957 | F17: =MONTH(E17) -> 10 | G17: Non demarrée | H17: CNAM
A18: 16 | B18: MEPS | C18: Mettre à disposition le référentiel des professionnels de santé actualisé | D18: 45957 | E18: 45957 | F18: =MONTH(E18) -> 10 | G18: Non réalisée | H18: CNAM
A19: 17 | B19: MEPS | C19: Mettre à disposition le référentiel des produits pharmaceutiques actualisé | D19: 45957 | E19: 45957 | F19: =MONTH(E19) -> 10 | G19: Non demarrée | H19: CNAM
A20: 18 | B20: MSHPCMU / Partenaires techniques | C20: Tester les APIs selon les cas d'usage : du patient, du prestataire, de la couverture et des remboursement PBF et CMU | D20: 45958 | E20: 45963 | F20: =MONTH(E20) -> 11 | G20: Réalisée | H20: DISD / SGCI / WinLogic /CNAM
A21: 19 | B21: MEPS | C21: Mettre à disposition le master patient file (CNAM) avec les autres systèmes | D21: 45962 | E21: 46081 | F21: =MONTH(E21) -> 2 | G21: En cours | H21: CNAM
A22: 20 | B22: MSHPCMU / Partenaires techniques | C22: Mettre à niveau les infrastructures dans les sites de la phase pilote | D22: 45963 | E22: 45991 | F22: =MONTH(E22) -> 11 | G22: En cours | H22: DISD / SGCI / WinLogic /CNAM | I22: Elaboration et validation des TDR
A23: 21 | B23: GTT | C23: Go live de la phase pilote | D23: 45995 | E23: 45995 | F23: =MONTH(E23) -> 12 | G23: En cours | H23: GTT
A24: 22 | B24: MHSPCM / MEPS / Partenaires techniques | C24: Exécuter la phase pilote | D24: 45999 | E24: 46030 | F24: =MONTH(E24) -> 1 | G24: En cours | H24: DISD / SGCI / WinLogic /CNAM
A25: 23 | B25: Partenaires techniques | C25: Evaluer la phase pilote | D25: 46037 | E25: 46053 | F25: =MONTH(E25) -> 1 | G25: Non demarrée | H25: Prestataire externe
A26: 24 | B26: Partenaires techniques | C26: Restituer résultat de l'évaluation de la phase pilote | D26: 46058 | E26: 46058 | F26: =MONTH(E26) -> 2 | G26: Non demarrée | H26: Prestataire externe | J26: Le prestataire devra présenter les résultats au GTT

Sheet Macro-planning
G10: OCTOBRE | L10: NOVEMBRE | P10: DECEMBRE | U10: JANVIER 2026 | Z10: FEVRIER 2026
G11: 45929 | H11: =G11+7 -> 45936 | I11: =H11+7 -> 45943 | J11: =I11+7 -> 45950 | K11: =J11+7 -> 45957 | L11: =K11+7 -> 45964 | M11: =L11+7 -> 45971 | N11: =M11+7 -> 45978 | O11: =N11+7 -> 45985 | ... T11: =S11+7 -> 46020 | U11: 46020 | V11: =U11+7 -> 46027 | W11: =V11+7 -> 46034 | X11: =W11+7 -> 46041 | Y11: =X11+7 -> 46048 | Z11: 46048 | AA11: =Z11+7 -> 46055 | AB11: =AA11+7 -> 46062 | AC11: =AB11+7 -> 46069
B12: N° | C12: Tâches | D12: Date debut | E12: Date fin | F12: Statut | G12: S1 | H12: S2 | I12: S3 | J12: S4 | K12: S5 | L12: S1 | M12: S2 | N12: S3 | O12: S4 | P12: S1 | Q12: S2 | R12: S3 | S12: S4 | T12: S5 | U12: S1 | V12: S2 | W12: S3 | X12: S4 | Y12: S5 | Z12: S1 | AA12: S2 | AB12: S3 | AC12: S4
B13: ='Micro-planning'!A3 -> 1 | C13: ='Micro-planning'!C3 -> Lister les hopitaux pour la phase pilote où les 2 systèmes (DPI et SIH) sont installés | D13: ='Micro-planning'!D3 -> 45943 | E13: ='Micro-planning'!E3 -> 45950 | F13: ='Micro-planning'!G3 -> Réalisée | G13: =IF(AND($D13>G$11,$D13>=H$11),"",IF($E13>=G$11,"X","")) | H13: =IF(AND($D13>H$11,$D13>=I$11),"",IF($E13>=H$11,"X","")) | I13: =IF(AND($D13>I$11,$D13>=J$11),"",IF($E13>=I$11,"X","")) -> X | J13: =IF(AND($D13>J$11,$D13>=K$11),"",IF($E13>=J$11,"X","")) -> X | K13: =IF(AND($D13>K$11,$D13>=L$11),"",IF($E13>=K$11,"X","")) | L13: =IF(AND($D13>L$11,$D13>=M$11),"",IF($E13>=L$11,"X","")) | M13: =IF(AND($D13>M$11,$D13>=N$11),"",IF($E13>=M$11,"X","")) | N13: =IF(AND($D13>N$11,$D13>=O$11),"",IF($E13>=N$11,"X","")) | ... AC13: =IF(AND($D13>AC$11,$D13>=AD$11),"",IF($E13>=AC$11,"X",""))
B14: ='Micro-planning'!A4 -> 2 | C14: ='Micro-planning'!C4 -> Finaliser l'inventaire des APIs pour le DPI, le SIH et la CICMU | D14: ='Micro-planning'!D4 -> 45943 | E14: ='Micro-planning'!E4 -> 45945 | F14: ='Micro-planning'!G4 -> Réalisée | G14: =IF(AND($D14>G$11,$D14>=H$11),"",IF($E14>=G$11,"X","")) | H14: =IF(AND($D14>H$11,$D14>=I$11),"",IF($E14>=H$11,"X","")) | I14: =IF(AND($D14>I$11,$D14>=J$11),"",IF($E14>=I$11,"X","")) -> X | J14: =IF(AND($D14>J$11,$D14>=K$11),"",IF($E14>=J$11,"X","")) | K14: =IF(AND($D14>K$11,$D14>=L$11),"",IF($E14>=K$11,"X","")) | L14: =IF(AND($D14>L$11,$D14>=M$11),"",IF($E14>=L$11,"X","")) | M14: =IF(AND($D14>M$11,$D14>=N$11),"",IF($E14>=M$11,"X","")) | N14: =IF(AND($D14>N$11,$D14>=O$11),"",IF($E14>=N$11,"X","")) | ... AC14: =IF(AND($D14>AC$11,$D14>=AD$11),"",IF($E14>=AC$11,"X",""))
B15: ='Micro-planning'!A5 -> 3 | C15: ='Micro-planning'!C5 -> Elaborer la documentation de chaque API | D15: ='Micro-planning'!D5 -> 45943 | E15: ='Micro-planning'!E5 -> 45960 | F15: ='Micro-planning'!G5 -> Non demarrée | G15: =IF(AND($D15>G$11,$D15>=H$11),"",IF($E15>=G$11,"X","")) | H15: =IF(AND($D15>H$11,$D15>=I$11),"",IF($E15>=H$11,"X","")) | I15: =IF(AND($D15>I$11,$D15>=J$11),"",IF($E15>=I$11,"X","")) -> X | J15: =IF(AND($D15>J$11,$D15>=K$11),"",IF($E15>=J$11,"X","")) -> X | K15: =IF(AND($D15>K$11,$D15>=L$11),"",IF($E15>=K$11,"X","")) -> X | L15: =IF(AND($D15>L$11,$D15>=M$11),"",IF($E15>=L$11,"X","")) | M15: =IF(AND($D15>M$11,$D15>=N$11),"",IF($E15>=M$11,"X","")) | N15: =IF(AND($D15>N$11,$D15>=O$11),"",IF($E15>=N$11,"X","")) | ... AC15: =IF(AND($D15>AC$11,$D15>=AD$11),"",IF($E15>=AC$11,"X",""))
B16: ='Micro-planning'!A6 -> 4 | C16: ='Micro-planning'!C6 -> Elaborer le TDR de la mission pour la mise à niveau les infrastructures dans les sites de la phase pilote | D16: ='Micro-planning'!D6 -> 45943 | E16: ='Micro-planning'!E6 -> 45945 | F16: ='Micro-planning'!G6 -> En cours | G16: =IF(AND($D16>G$11,$D16>=H$11),"",IF($E16>=G$11,"X","")) | H16: =IF(AND($D16>H$11,$D16>=I$11),"",IF($E16>=H$11,"X","")) | I16: =IF(AND($D16>I$11,$D16>=J$11),"",IF($E16>=I$11,"X","")) -> X | J16: =IF(AND($D16>J$11,$D16>=K$11),"",IF($E16>=J$11,"X","")) | K16: =IF(AND($D16>K$11,$D16>=L$11),"",IF($E16>=K$11,"X","")) | L16: =IF(AND($D16>L$11,$D16>=M$11),"",IF($E16>=L$11,"X","")) | M16: =IF(AND($D16>M$11,$D16>=N$11),"",IF($E16>=M$11,"X","")) | N16: =IF(AND($D16>N$11,$D16>=O$11),"",IF($E16>=N$11,"X","")) | ... AC16: =IF(AND($D16>AC$11,$D16>=AD$11),"",IF($E16>=AC$11,"X",""))
B17: ='Micro-planning'!A7 -> 5 | C17: ='Micro-planning'!C7 -> Rédiger un courrier pour informer les autorités sanitaires de leur participation à la phase pilote | D17: ='Micro-planning'!D7 -> 45945 | E17: ='Micro-planning'!E7 -> 45950 | F17: ='Micro-planning'!G7 -> Réalisée | G17: =IF(AND($D17>G$11,$D17>=H$11),"",IF($E17>=G$11,"X","")) | H17: =IF(AND($D17>H$11,$D17>=I$11),"",IF($E17>=H$11,"X","")) | I17: =IF(AND($D17>I$11,$D17>=J$11),"",IF($E17>=I$11,"X","")) -> X | J17: =IF(AND($D17>J$11,$D17>=K$11),"",IF($E17>=J$11,"X","")) -> X | K17: =IF(AND($D17>K$11,$D17>=L$11),"",IF($E17>=K$11,"X","")) | L17: =IF(AND($D17>L$11,$D17>=M$11),"",IF($E17>=L$11,"X","")) | M17: =IF(AND($D17>M$11,$D17>=N$11),"",IF($E17>=M$11,"X","")) | N17: =IF(AND($D17>N$11,$D17>=O$11),"",IF($E17>=N$11,"X","")) | ... AC17: =IF(AND($D17>AC$11,$D17>=AD$11),"",IF($E17>=AC$11,"X",""))
B18: ='Micro-planning'!A8 -> 6 | C18: ='Micro-planning'!C8 -> Developper et mettre à disposition les APIs selon le périmètre de chaque entité | D18: ='Micro-planning'!D8 -> 45946 | E18: ='Micro-planning'!E8 -> 45956 | F18: ='Micro-planning'!G8 -> Non réalisée | G18: =IF(AND($D18>G$11,$D18>=H$11),"",IF($E18>=G$11,"X","")) | H18: =IF(AND($D18>H$11,$D18>=I$11),"",IF($E18>=H$11,"X","")) | I18: =IF(AND($D18>I$11,$D18>=J$11),"",IF($E18>=I$11,"X","")) -> X | J18: =IF(AND($D18>J$11,$D18>=K$11),"",IF($E18>=J$11,"X","")) -> X | K18: =IF(AND($D18>K$11,$D18>=L$11),"",IF($E18>=K$11,"X","")) | L18: =IF(AND($D18>L$11,$D18>=M$11),"",IF($E18>=L$11,"X","")) | M18: =IF(AND($D18>M$11,$D18>=N$11),"",IF($E18>=M$11,"X","")) | N18: =IF(AND($D18>N$11,$D18>=O$11),"",IF($E18>=N$11,"X","")) | ... AC18: =IF(AND($D18>AC$11,$D18>=AD$11),"",IF($E18>=AC$11,"X",""))
B19: ='Micro-planning'!A9 -> 7 | C19: ='Micro-planning'!C9 -> Valider le standard et protocole d'échange de données : FHIR, REST API, JSON, SOAP | D19: ='Micro-planning'!D9 -> 45946 | E19: ='Micro-planning'!E9 -> 45950 | F19: ='Micro-planning'!G9 -> Non demarrée | G19: =IF(AND($D19>G$11,$D19>=H$11),"",IF($E19>=G$11,"X","")) | H19: =IF(AND($D19>H$11,$D19>=I$11),"",IF($E19>=H$11,"X","")) | I19: =IF(AND($D19>I$11,$D19>=J$11),"",IF($E19>=I$11,"X","")) -> X | J19: =IF(AND($D19>J$11,$D19>=K$11),"",IF($E19>=J$11,"X","")) -> X | K19: =IF(AND($D19>K$11,$D19>=L$11),"",IF($E19>=K$11,"X","")) | L19: =IF(AND($D19>L$11,$D19>=M$11),"",IF($E19>=L$11,"X","")) | M19: =IF(AND($D19>M$11,$D19>=N$11),"",IF($E19>=M$11,"X","")) | N19: =IF(AND($D19>N$11,$D19>=O$11),"",IF($E19>=N$11,"X","")) | ... AC19: =IF(AND($D19>AC$11,$D19>=AD$11),"",IF($E19>=AC$11,"X",""))
B20: ='Micro-planning'!A10 -> 8 | C20: ='Micro-planning'!C10 -> Valider le TDR de la mission pour la mise à niveau des infrastructures dans les sites de la phase pilote | D20: ='Micro-planning'!D10 -> 45946 | E20: ='Micro-planning'!E10 -> 45946 | F20: ='Micro-planning'!G10 -> Non réalisée | G20: =IF(AND($D20>G$11,$D20>=H$11),"",IF($E20>=G$11,"X","")) | H20: =IF(AND($D20>H$11,$D20>=I$11),"",IF($E20>=H$11,"X","")) | I20: =IF(AND($D20>I$11,$D20>=J$11),"",IF($E20>=I$11,"X","")) -> X | J20: =IF(AND($D20>J$11,$D20>=K$11),"",IF($E20>=J$11,"X","")) | K20: =IF(AND($D20>K$11,$D20>=L$11),"",IF($E20>=K$11,"X","")) | L20: =IF(AND($D20>L$11,$D20>=M$11),"",IF($E20>=L$11,"X","")) | M20: =IF(AND($D20>M$11,$D20>=N$11),"",IF($E20>=M$11,"X","")) | N20: =IF(AND($D20>N$11,$D20>=O$11),"",IF($E20>=N$11,"X","")) | ... AC20: =IF(AND($D20>AC$11,$D20>=AD$11),"",IF($E20>=AC$11,"X",""))
B21: ='Micro-planning'!A11 -> 9 | C21: ='Micro-planning'!C11 -> Adapter le cadre de gouvernance aux directives nationales à travers la mise en place des politiques de gouvernance des données, du consentement des patients et de l'audit du système | D21: ='Micro-planning'!D11 -> 45946 | E21: ='Micro-planning'!E11 -> 45991 | F21: ='Micro-planning'!G11 -> Non demarrée | G21: =IF(AND($D21>G$11,$D21>=H$11),"",IF($E21>=G$11,"X","")) | H21: =IF(AND($D21>H$11,$D21>=I$11),"",IF($E21>=H$11,"X","")) | I21: =IF(AND($D21>I$11,$D21>=J$11),"",IF($E21>=I$11,"X","")) -> X | J21: =IF(AND($D21>J$11,$D21>=K$11),"",IF($E21>=J$11,"X","")) -> X | K21: =IF(AND($D21>K$11,$D21>=L$11),"",IF($E21>=K$11,"X","")) -> X | L21: =IF(AND($D21>L$11,$D21>=M$11),"",IF($E21>=L$11,"X","")) -> X | M21: =IF(AND($D21>M$11,$D21>=N$11),"",IF($E21>=M$11,"X","")) -> X | N21: =IF(AND($D21>N$11,$D21>=O$11),"",IF($E21>=N$11,"X","")) -> X | ... AC21: =IF(AND($D21>AC$11,$D21>=AD$11),"",IF($E21>=AC$11,"X",""))
B22: ='Micro-planning'!A12 -> 10 | C22: ='Micro-planning'!C12 -> Discuter la formalisation du GTT à la prochaine réunion | D22: ='Micro-planning'!D12 -> 45946 | E22: ='Micro-planning'!E12 -> 45946 | F22: ='Micro-planning'!G12 -> Réalisée | G22: =IF(AND($D22>G$11,$D22>=H$11),"",IF($E22>=G$11,"X","")) | H22: =IF(AND($D22>H$11,$D22>=I$11),"",IF($E22>=H$11,"X","")) | I22: =IF(AND($D22>I$11,$D22>=J$11),"",IF($E22>=I$11,"X","")) -> X | J22: =IF(AND($D22>J$11,$D22>=K$11),"",IF($E22>=J$11,"X","")) | K22: =IF(AND($D22>K$11,$D22>=L$11),"",IF($E22>=K$11,"X","")) | L22: =IF(AND($D22>L$11,$D22>=M$11),"",IF($E22>=L$11,"X","")) | M22: =IF(AND($D22>M$11,$D22>=N$11),"",IF($E22>=M$11,"X","")) | N22: =IF(AND($D22>N$11,$D22>=O$11),"",IF($E22>=N$11,"X","")) | ... AC22: =IF(AND($D22>AC$11,$D22>=AD$11),"",IF($E22>=AC$11,"X",""))
B23: ='Micro-planning'!A13 -> 11 | C23: ='Micro-planning'!C13 -> Réunion entre les partenaires techniques afin de déterminer les données à partager | D23: ='Micro-planning'!D13 -> 45946 | E23: ='Micro-planning'!E13 -> 45946 | F23: ='Micro-planning'!G13 -> Non demarrée | G23: =IF(AND($D23>G$11,$D23>=H$11),"",IF($E23>=G$11,"X","")) | H23: =IF(AND($D23>H$11,$D23>=I$11),"",IF($E23>=H$11,"X","")) | I23: =IF(AND($D23>I$11,$D23>=J$11),"",IF($E23>=I$11,"X","")) -> X | J23: =IF(AND($D23>J$11,$D23>=K$11),"",IF($E23>=J$11,"X","")) | K23: =IF(AND($D23>K$11,$D23>=L$11),"",IF($E23>=K$11,"X","")) | L23: =IF(AND($D23>L$11,$D23>=M$11),"",IF($E23>=L$11,"X","")) | M23: =IF(AND($D23>M$11,$D23>=N$11),"",IF($E23>=M$11,"X","")) | N23: =IF(AND($D23>N$11,$D23>=O$11),"",IF($E23>=N$11,"X","")) | ... AC23: =IF(AND($D23>AC$11,$D23>=AD$11),"",IF($E23>=AC$11,"X",""))
B24: ='Micro-planning'!A14 -> 12 | C24: ='Micro-planning'!C14 -> Partager les spécifications techniques pour l'environnement de test avec la SNDI | D24: ='Micro-planning'!D14 -> 45950 | E24: ='Micro-planning'!E14 -> 45950 | F24: ='Micro-planning'!G14 -> En cours | G24: =IF(AND($D24>G$11,$D24>=H$11),"",IF($E24>=G$11,"X","")) | H24: =IF(AND($D24>H$11,$D24>=I$11),"",IF($E24>=H$11,"X","")) | I24: =IF(AND($D24>I$11,$D24>=J$11),"",IF($E24>=I$11,"X","")) | J24: =IF(AND($D24>J$11,$D24>=K$11),"",IF($E24>=J$11,"X","")) -> X | K24: =IF(AND($D24>K$11,$D24>=L$11),"",IF($E24>=K$11,"X","")) | L24: =IF(AND($D24>L$11,$D24>=M$11),"",IF($E24>=L$11,"X","")) | M24: =IF(AND($D24>M$11,$D24>=N$11),"",IF($E24>=M$11,"X","")) | N24: =IF(AND($D24>N$11,$D24>=O$11),"",IF($E24>=N$11,"X","")) | ... AC24: =IF(AND($D24>AC$11,$D24>=AD$11),"",IF($E24>=AC$11,"X",""))
... B30: ='Micro-planning'!A20 -> 18 | C30: ='Micro-planning'!C20 -> Tester les APIs selon les cas d'usage : du patient, du prestataire, de la couverture et des remboursement PBF et CMU | D30: ='Micro-planning'!D20 -> 45958 | E30: ='Micro-planning'!E20 -> 45963 | F30: ='Micro-planning'!G20 -> Réalisée | G30: =IF(AND($D30>G$11,$D30>=H$11),"",IF($E30>=G$11,"X","")) | H30: =IF(AND($D30>H$11,$D30>=I$11),"",IF($E30>=H$11,"X","")) | I30: =IF(AND($D30>I$11,$D30>=J$11),"",IF($E30>=I$11,"X","")) | J30: =IF(AND($D30>J$11,$D30>=K$11),"",IF($E30>=J$11,"X","")) | K30: =IF(AND($D30>K$11,$D30>=L$11),"",IF($E30>=K$11,"X","")) -> X | L30: =IF(AND($D30>L$11,$D30>=M$11),"",IF($E30>=L$11,"X","")) | M30: =IF(AND($D30>M$11,$D30>=N$11),"",IF($E30>=M$11,"X","")) | N30: =IF(AND($D30>N$11,$D30>=O$11),"",IF($E30>=N$11,"X","")) | ... AC30: =IF(AND($D30>AC$11,$D30>=AD$11),"",IF($E30>=AC$11,"X",""))
B31: ='Micro-planning'!A21 -> 19 | C31: ='Micro-planning'!C21 -> Mettre à disposition le master patient file (CNAM) avec les autres systèmes | D31: ='Micro-planning'!D21 -> 45962 | E31: Continue | F31: ='Micro-planning'!G21 -> En cours | G31: =IF(AND($D31>G$11,$D31>=H$11),"",IF($E31>=G$11,"X","")) | H31: =IF(AND($D31>H$11,$D31>=I$11),"",IF($E31>=H$11,"X","")) | I31: =IF(AND($D31>I$11,$D31>=J$11),"",IF($E31>=I$11,"X","")) | J31: =IF(AND($D31>J$11,$D31>=K$11),"",IF($E31>=J$11,"X","")) | K31: =IF(AND($D31>K$11,$D31>=L$11),"",IF($E31>=K$11,"X","")) -> X | L31: =IF(AND($D31>L$11,$D31>=M$11),"",IF($E31>=L$11,"X","")) -> X | M31: =IF(AND($D31>M$11,$D31>=N$11),"",IF($E31>=M$11,"X","")) -> X | N31: =IF(AND($D31>N$11,$D31>=O$11),"",IF($E31>=N$11,"X","")) -> X | ... AC31: =IF(AND($D31>AC$11,$D31>=AD$11),"",IF($E31>=AC$11,"X","")) -> X
B32: ='Micro-planning'!A22 -> 20 | C32: ='Micro-planning'!C22 -> Mettre à niveau les infrastructures dans les sites de la phase pilote | D32: ='Micro-planning'!D22 -> 45963 | E32: ='Micro-planning'!E22 -> 45991 | F32: ='Micro-planning'!G22 -> En cours | G32: =IF(AND($D32>G$11,$D32>=H$11),"",IF($E32>=G$11,"X","")) | H32: =IF(AND($D32>H$11,$D32>=I$11),"",IF($E32>=H$11,"X","")) | I32: =IF(AND($D32>I$11,$D32>=J$11),"",IF($E32>=I$11,"X","")) | J32: =IF(AND($D32>J$11,$D32>=K$11),"",IF($E32>=J$11,"X","")) | K32: =IF(AND($D32>K$11,$D32>=L$11),"",IF($E32>=K$11,"X","")) -> X | L32: =IF(AND($D32>L$11,$D32>=M$11),"",IF($E32>=L$11,"X","")) -> X | M32: =IF(AND($D32>M$11,$D32>=N$11),"",IF($E32>=M$11,"X","")) -> X | N32: =IF(AND($D32>N$11,$D32>=O$11),"",IF($E32>=N$11,"X","")) -> X | ... AC32: =IF(AND($D32>AC$11,$D32>=AD$11),"",IF($E32>=AC$11,"X",""))
B33: ='Micro-planning'!A23 -> 21 | C33: ='Micro-planning'!C23 -> Go live de la phase pilote | D33: ='Micro-planning'!D23 -> 45995 | E33: ='Micro-planning'!E23 -> 45995 | F33: ='Micro-planning'!G23 -> En cours | G33: =IF(AND($D33>G$11,$D33>=H$11),"",IF($E33>=G$11,"X","")) | H33: =IF(AND($D33>H$11,$D33>=I$11),"",IF($E33>=H$11,"X","")) | I33: =IF(AND($D33>I$11,$D33>=J$11),"",IF($E33>=I$11,"X","")) | J33: =IF(AND($D33>J$11,$D33>=K$11),"",IF($E33>=J$11,"X","")) | K33: =IF(AND($D33>K$11,$D33>=L$11),"",IF($E33>=K$11,"X","")) | L33: =IF(AND($D33>L$11,$D33>=M$11),"",IF($E33>=L$11,"X","")) | M33: =IF(AND($D33>M$11,$D33>=N$11),"",IF($E33>=M$11,"X","")) | N33: =IF(AND($D33>N$11,$D33>=O$11),"",IF($E33>=N$11,"X","")) | ... AC33: =IF(AND($D33>AC$11,$D33>=AD$11),"",IF($E33>=AC$11,"X",""))
B34: ='Micro-planning'!A24 -> 22 | C34: ='Micro-planning'!C24 -> Exécuter la phase pilote | D34: ='Micro-planning'!D24 -> 45999 | E34: ='Micro-planning'!E24 -> 46030 | F34: ='Micro-planning'!G24 -> En cours | G34: =IF(AND($D34>G$11,$D34>=H$11),"",IF($E34>=G$11,"X","")) | H34: =IF(AND($D34>H$11,$D34>=I$11),"",IF($E34>=H$11,"X","")) | I34: =IF(AND($D34>I$11,$D34>=J$11),"",IF($E34>=I$11,"X","")) | J34: =IF(AND($D34>J$11,$D34>=K$11),"",IF($E34>=J$11,"X","")) | K34: =IF(AND($D34>K$11,$D34>=L$11),"",IF($E34>=K$11,"X","")) | L34: =IF(AND($D34>L$11,$D34>=M$11),"",IF($E34>=L$11,"X","")) | M34: =IF(AND($D34>M$11,$D34>=N$11),"",IF($E34>=M$11,"X","")) | N34: =IF(AND($D34>N$11,$D34>=O$11),"",IF($E34>=N$11,"X","")) | ... AC34: =IF(AND($D34>AC$11,$D34>=AD$11),"",IF($E34>=AC$11,"X",""))
B35: ='Micro-planning'!A25 -> 23 | C35: ='Micro-planning'!C25 -> Evaluer la phase pilote | D35: ='Micro-planning'!D25 -> 46037 | E35: ='Micro-planning'!E25 -> 46053 | F35: ='Micro-planning'!G25 -> Non demarrée | G35: =IF(AND($D35>G$11,$D35>=H$11),"",IF($E35>=G$11,"X","")) | H35: =IF(AND($D35>H$11,$D35>=I$11),"",IF($E35>=H$11,"X","")) | I35: =IF(AND($D35>I$11,$D35>=J$11),"",IF($E35>=I$11,"X","")) | J35: =IF(AND($D35>J$11,$D35>=K$11),"",IF($E35>=J$11,"X","")) | K35: =IF(AND($D35>K$11,$D35>=L$11),"",IF($E35>=K$11,"X","")) | L35: =IF(AND($D35>L$11,$D35>=M$11),"",IF($E35>=L$11,"X","")) | M35: =IF(AND($D35>M$11,$D35>=N$11),"",IF($E35>=M$11,"X","")) | N35: =IF(AND($D35>N$11,$D35>=O$11),"",IF($E35>=N$11,"X","")) | ... AC35: =IF(AND($D35>AC$11,$D35>=AD$11),"",IF($E35>=AC$11,"X",""))
B36: ='Micro-planning'!A26 -> 24 | C36: ='Micro-planning'!C26 -> Restituer résultat de l'évaluation de la phase pilote | D36: ='Micro-planning'!D26 -> 46058 | E36: ='Micro-planning'!E26 -> 46058 | F36: ='Micro-planning'!G26 -> Non demarrée | G36: =IF(AND($D36>G$11,$D36>=H$11),"",IF($E36>=G$11,"X","")) | H36: =IF(AND($D36>H$11,$D36>=I$11),"",IF($E36>=H$11,"X","")) | I36: =IF(AND($D36>I$11,$D36>=J$11),"",IF($E36>=I$11,"X","")) | J36: =IF(AND($D36>J$11,$D36>=K$11),"",IF($E36>=J$11,"X","")) | K36: =IF(AND($D36>K$11,$D36>=L$11),"",IF($E36>=K$11,"X","")) | L36: =IF(AND($D36>L$11,$D36>=M$11),"",IF($E36>=L$11,"X","")) | M36: =IF(AND($D36>M$11,$D36>=N$11),"",IF($E36>=M$11,"X","")) | N36: =IF(AND($D36>N$11,$D36>=O$11),"",IF($E36>=N$11,"X","")) | ... AC36: =IF(AND($D36>AC$11,$D36>=AD$11),"",IF($E36>=AC$11,"X",""))

Sheet Macro
A1: N | B1: Taches | C1: Date_debut | D1: Date_fin | E1: Statut | F1: Mois | G1: Entites
A2: 1 | B2: Lister les hopitaux pour la phase pilote où les 2 systèmes (DPI et SIH) sont installés | C2: 45943 | D2: 45950 | E2: Réalisée | F2: =IFERROR(VLOOKUP(MONTH(D2),Feuil1!V:W,2,FALSE),"") -> OCTOBRE | G2: ='Micro-planning'!B3 -> MSHPCMU
A3: 2 | B3: Finaliser l'inventaire des APIs pour le DPI, le SIH et la CICMU | C3: 45943 | D3: 45945 | E3: Réalisée | F3: =IFERROR(VLOOKUP(MONTH(D3),Feuil1!V:W,2,FALSE),"") -> OCTOBRE | G3: ='Micro-planning'!B4 -> Partenaires techniques
A4: 3 | B4: Elaborer la documentation de chaque API | C4: 45943 | D4: 45960 | E4: Non demarrée | F4: =IFERROR(VLOOKUP(MONTH(D4),Feuil1!V:W,2,FALSE),"") -> OCTOBRE | G4: ='Micro-planning'!B5 -> Partenaires techniques
A5: 4 | B5: Elaborer le TDR de la mission pour la mise à niveau les infrastructures dans les sites de la phase pilote | C5: 45943 | D5: 45945 | E5: En cours | F5: =IFERROR(VLOOKUP(MONTH(D5),Feuil1!V:W,2,FALSE),"") -> OCTOBRE | G5: ='Micro-planning'!B6 -> MSHPCMU
A6: 5 | B6: Rédiger un courrier pour informer les autorités sanitaires de leur participation à la phase pilote | C6: 45945 | D6: 45950 | E6: Réalisée | F6: =IFERROR(VLOOKUP(MONTH(D6),Feuil1!V:W,2,FALSE),"") -> OCTOBRE | G6: ='Micro-planning'!B7 -> MSHPCMU
A7: 6 | B7: Developper et mettre à disposition les APIs selon le périmètre de chaque entité | C7: 45946 | D7: 45956 | E7: Non réalisée | F7: =IFERROR(VLOOKUP(MONTH(D7),Feuil1!V:W,2,FALSE),"") -> OCTOBRE | G7: ='Micro-planning'!B8 -> Partenaires techniques
A8: 7 | B8: Valider le standard et protocole d'échange de données : FHIR, REST API, JSON, SOAP | C8: 45946 | D8: 45950 | E8: Non demarrée | F8: =IFERROR(VLOOKUP(MONTH(D8),Feuil1!V:W,2,FALSE),"") -> OCTOBRE | G8: ='Micro-planning'!B9 -> MTND
A9: 8 | B9: Valider le TDR de la mission pour la mise à niveau des infrastructures dans les sites de la phase pilote | C9: 45946 | D9: 45947 | E9: Non réalisée | F9: =IFERROR(VLOOKUP(MONTH(D9),Feuil1!V:W,2,FALSE),"") -> OCTOBRE | G9: ='Micro-planning'!B10 -> GTT
A10: 9 | B10: Adapter le cadre de gouvernance aux directives nationales à travers la mise en place des politiques de gouvernance des données, du consentement des patients et de l'audit du système | C10: 45946 | D10: 45991 | E10: Non demarrée | F10: =IFERROR(VLOOKUP(MONTH(D10),Feuil1!V:W,2,FALSE),"") -> NOVEMBRE | G10: ='Micro-planning'!B11 -> GTT
A11: 10 | B11: Discuter la formalisation du GTT à la prochaine réunion | C11: 45946 | D11: 45947 | E11: Réalisée | F11: =IFERROR(VLOOKUP(MONTH(D11),Feuil1!V:W,2,FALSE),"") -> OCTOBRE | G11: ='Micro-planning'!B12 -> GTT
A12: 11 | B12: Réunion entre les partenaires techniques afin de déterminer les données à partager | C12: 45946 | D12: 45947 | E12: Non demarrée | F12: =IFERROR(VLOOKUP(MONTH(D12),Feuil1!V:W,2,FALSE),"") -> OCTOBRE | G12: ='Micro-planning'!B13 -> Partenaires techniques
A13: 12 | B13: Partager les spécifications techniques pour l'environnement de test avec la SNDI | C13: 45950 | D13: 45951 | E13: En cours | F13: =IFERROR(VLOOKUP(MONTH(D13),Feuil1!V:W,2,FALSE),"") -> OCTOBRE | G13: ='Micro-planning'!B14 -> Partenaires techniques
... A25: 24 | B25: Restituer résultat de l'évaluation de la phase pilote | C25: 46058 | D25: 46059 | E25: Non demarrée | F25: =IFERROR(VLOOKUP(MONTH(D25),Feuil1!V:W,2,FALSE),"") -> FÉVRIER | G25: ='Micro-planning'!B26 -> Partenaires techniques
